name,category,district,latitude,longitude
7-Eleven,shopping,Petaling,3.0865036,101.64859099999998
7-Eleven,shopping,WP Kuala Lumpur,3.1445109,101.71390019999998
7-Eleven,shopping,WP Kuala Lumpur,3.145338499999999,101.7125376
Sate Kajang Hj Samuri,food_drink,Hulu Langat,2.9916233999999995,101.788532
Paradesa Tropika Condominium Swimming Pool,exercise,Petaling,3.181809,101.60695389999998
7-Eleven,shopping,WP Kuala Lumpur,3.1782831,101.699995
Bank Islam,other,Petaling,3.0974561999999994,101.6445734
Kamdar,shopping,WP Kuala Lumpur,3.1550753,101.6964361
7-Eleven,shopping,Petaling,3.0987836,101.6451708
Hong Leong Bank,other,Petaling,3.1502045999999995,101.59247659999998
7-Eleven,shopping,WP Kuala Lumpur,3.1432575,101.70952619999998
7-Eleven,shopping,WP Kuala Lumpur,3.1664286,101.6965103
KK Super Mart,shopping,WP Kuala Lumpur,3.1434679999999995,101.71071449999998
Klinik Mediviron,healthcare,Petaling,3.1113073,101.5864309
myNEWS.com,shopping,Petaling,3.110136,101.5867208
RHB Bank,other,WP Kuala Lumpur,3.1103348,101.665423
KK Super Mart,shopping,WP Kuala Lumpur,3.1444208,101.70848929999998
Al-Unnaz Nasi Kandar,food_drink,Petaling,3.0988735,101.6463647
Maybank,other,Petaling,3.0964415,101.62997919999998
Western Union,other,Petaling,3.1099312999999995,101.63668669999998
House of Pakeeza,food_drink,Petaling,3.1113709,101.63384349999998
99 Speedmart,shopping,Hulu Langat,2.9904461,101.77981629999998
99 Speedmart,shopping,Hulu Langat,2.983658299999999,101.7796416
7-Eleven,shopping,Hulu Langat,2.9675546,101.7753729
7-Eleven,shopping,WP Kuala Lumpur,3.1471075000000006,101.7119009
Dreamville Hostel,other,Gombak,3.1767731999999995,101.7372344
Bank Muamalat,other,WP Kuala Lumpur,3.1500527,101.696983
CIMB ATM,other,Hulu Langat,2.9621009,101.8366902
Starbucks,food_drink,WP Kuala Lumpur,3.1444638,101.7098633
7-Eleven,shopping,WP Kuala Lumpur,3.1446273,101.7097349
CIMB Bank,other,WP Kuala Lumpur,3.1329076,101.6869839
Maybank,other,Hulu Langat,3.1466134999999995,101.7646824
Maybank,other,WP Kuala Lumpur,3.1274474,101.67881749999998
Maybank,other,WP Kuala Lumpur,3.1343716,101.68541790000002
Maybank,other,WP Kuala Lumpur,3.0967497,101.6762447
Maybank,other,WP Kuala Lumpur,3.1576021999999995,101.69497939999998
7-Eleven,shopping,WP Kuala Lumpur,3.163272,101.6979352
CIMB Bank,other,WP Kuala Lumpur,3.1346145999999995,101.6856297
7-Eleven,shopping,WP Kuala Lumpur,3.1540909,101.69975189999998
CIMB Bank,other,WP Kuala Lumpur,3.1680865,101.6914461
KK Super Mart,shopping,WP Kuala Lumpur,3.1430669,101.69874149999998
7-Eleven,shopping,Hulu Langat,3.0981643,101.8013145
CIMB Bank,other,WP Kuala Lumpur,3.1283832000000005,101.6705297
7-Eleven,shopping,WP Kuala Lumpur,3.1666829999999995,101.6953395
Pickup/Dropout Passanger,transport,Hulu Langat,3.0014916,101.7841124
Maybank,other,Hulu Langat,3.1482439,101.76532840000002
KK Super Mart,shopping,WP Kuala Lumpur,3.1461277,101.7076037
Hong Leong Bank,other,Hulu Langat,3.1588953,101.75117
7-Eleven,shopping,Petaling,3.113373399999999,101.6050065
Starbucks,food_drink,WP Kuala Lumpur,3.1565733,101.70965579999998
7-Eleven,shopping,WP Kuala Lumpur,3.1702826,101.6960908
Bank Islam,other,WP Kuala Lumpur,3.1564936,101.70082109999998
Mala Tang Jalan Sultan,food_drink,WP Kuala Lumpur,3.1432362999999994,101.6987369
7-Eleven,shopping,WP Kuala Lumpur,3.145308,101.71134709999998
KK Super Mart,shopping,WP Kuala Lumpur,3.1474192,101.7091913
99 Speedmart,shopping,WP Kuala Lumpur,3.2340726000000006,101.6714172
Klinik Pakar Kulit Chow,healthcare,WP Kuala Lumpur,3.1354509,101.7122176
99 Speedmart,shopping,Hulu Langat,2.9760529,101.7949005
7-Eleven,shopping,WP Kuala Lumpur,3.14941,101.711234
A,other,WP Kuala Lumpur,3.1430789000000003,101.709716
7-Eleven,shopping,WP Kuala Lumpur,3.147216,101.7132782
KK Super Mart,shopping,WP Kuala Lumpur,3.1481837,101.7092389
Mediahouse,other,WP Kuala Lumpur,3.1393645,101.6289599
Gulati's Silk House,shopping,WP Kuala Lumpur,3.1551639,101.6961403
7-Eleven,shopping,WP Kuala Lumpur,3.1620658999999995,101.6971273
7-Eleven,shopping,WP Kuala Lumpur,3.1472090000000006,101.6946212
Ramai Seafood,food_drink,Sepang,2.8859788000000006,101.6615558
99 Speedmart,shopping,WP Kuala Lumpur,3.2070547999999994,101.6591025
KK Super Mart,shopping,WP Kuala Lumpur,3.1452781,101.69835829999998
99 Speedmart,shopping,WP Kuala Lumpur,3.1329859,101.6903761
7-Eleven,shopping,Petaling,3.1011606,101.59944849999998
Wong Mei Kee BBQ,food_drink,WP Kuala Lumpur,3.1392448,101.711037
7-Eleven,shopping,WP Kuala Lumpur,3.0822757,101.7357077
Hong Leong Bank,other,Klang,3.0420332999999995,101.4270076
Maybank,other,Sepang,2.9791223,101.6127138
Apartment Taman Topaz Car Park,transport,Sepang,2.8576806999999995,101.6407407
The Lasus Clinic,healthcare,WP Kuala Lumpur,3.1329261,101.6721958
CIMB Bank,other,Petaling,3.1050691,101.5976136
Public Bank,other,WP Kuala Lumpur,3.1028243,101.6827033
Klinik Dr Bazilah,healthcare,Hulu Langat,2.9608574999999995,101.7540691
Mydin,shopping,WP Kuala Lumpur,3.1527209000000003,101.69709269999998
Maybank,other,Petaling,3.1591795,101.6130424
CIMB Bank,other,WP Kuala Lumpur,3.133033,101.6868329
Maybank,other,WP Kuala Lumpur,3.1330480000000005,101.68684570000002
7-Eleven,shopping,WP Kuala Lumpur,3.0536878999999995,101.66999230000002
7-Eleven,shopping,Petaling,3.1111471,101.6363061
B,other,WP Kuala Lumpur,3.1430137,101.70940029999998
CIMB Bank,other,WP Kuala Lumpur,3.1210084,101.6552204
Jabatan Pengajian Asia Tenggara,education,WP Kuala Lumpur,3.1207063,101.6511872
Polo Ralph Lauren,shopping,Sepang,2.7807359,101.6772386
7-Eleven,shopping,WP Kuala Lumpur,3.1203274,101.7285906
BOC,other,WP Kuala Lumpur,3.1611071,101.716773
TGI Fridays,food_drink,Petaling,3.1489696,101.6163751
Starbucks,food_drink,WP Kuala Lumpur,3.1191988,101.6740676
Public Bank,other,Hulu Langat,3.0251898999999995,101.740958
CIMB Bank,other,Hulu Langat,3.0251551,101.7408226
myNEWS.com,shopping,WP Kuala Lumpur,3.1491186999999994,101.69652499999998
myNEWS.com,shopping,WP Kuala Lumpur,3.1664387,101.6931888
FamilyMart,shopping,WP Kuala Lumpur,3.1664501999999994,101.6930392
HSBC,other,WP Kuala Lumpur,3.2023076,101.6893689
Chatime,food_drink,WP Kuala Lumpur,3.2025513,101.6892871
No. 10 Cafe,food_drink,WP Kuala Lumpur,3.1813973,101.6917925
KK Super Mart,shopping,WP Kuala Lumpur,3.1321911,101.6731191
Surau,community,Sepang,2.7589313,101.7321043
Kossan International Sdn Bhd/R&D Centre,work,Klang,3.1126564,101.4393387
CIMB Bank,other,WP Kuala Lumpur,3.1661586,101.6919573
Flight club,food_drink,Sepang,2.7476888999999995,101.7136131
Starbucks,food_drink,WP Kuala Lumpur,3.1554003,101.6951797
Starbucks,food_drink,WP Kuala Lumpur,3.1554175999999994,101.695524
7-Eleven,shopping,WP Kuala Lumpur,3.1473686,101.7118602
7-Eleven,shopping,WP Kuala Lumpur,3.159103,101.6967377
Hong Leong MSIG Takaful Berhad,work,Petaling,3.0901253,101.62879169999998
Hong Leong MSIG Takaful Berhad,work,Petaling,3.0902097,101.6287735
Hong  Leong MSIG Takaful Berhad,work,Petaling,3.0901832,101.6288722
Hong Leong MSIG Takaful Berhad,work,Petaling,3.0900064000000005,101.6287166
KK Super Mart,shopping,WP Kuala Lumpur,3.1462244,101.7096466
Pusat Pakaian Hari Hari,shopping,WP Kuala Lumpur,3.1649956999999995,101.6981463
99 Speedmart,shopping,WP Kuala Lumpur,3.1703929,101.6969854
myNEWS.com,shopping,WP Kuala Lumpur,3.1499101,101.69660799999998
OYO 90780 J Hotel Bukit Bintang,entertainment,WP Kuala Lumpur,3.1453734,101.713873
7-Eleven,shopping,WP Kuala Lumpur,3.101805,101.7407893
Hotel 99 Sepang KLIA,entertainment,Sepang,2.8204338,101.6941509
Orange Hotel,entertainment,Sepang,2.818765899999999,101.694514
City View Hotel,entertainment,Sepang,2.8180063,101.6945259
KK Super Mart,shopping,WP Kuala Lumpur,3.0846108999999995,101.70040779999998
7-Eleven,shopping,WP Kuala Lumpur,3.1234023,101.7272837
7-Eleven,shopping,Hulu Langat,3.1482105,101.7658588
Fittie Sense,food_drink,WP Kuala Lumpur,3.1320155,101.67102199999998
OCBC Bank,other,WP Kuala Lumpur,3.1495897,101.6968872
7-Eleven,shopping,WP Kuala Lumpur,3.132088199999999,101.6878993
KK Super Mart,shopping,WP Kuala Lumpur,3.1375959999999994,101.7125925
Apartment Desa Perangsang,residential,Petaling,3.0715855,101.6315751
7-Eleven,shopping,WP Kuala Lumpur,3.1002470000000004,101.7392271
myNEWS.com,shopping,Petaling,3.1663363,101.6119845
7-Eleven,shopping,WP Kuala Lumpur,3.0845214,101.6715957
CIMB ATM,other,Sepang,2.732568,101.7219208
CIMB ATM,other,Sepang,2.7531773,101.70470829999998
RHB ATM,other,Sepang,2.7534506,101.7041819
CIMB ATM,other,Sepang,2.7545907,101.7046593
Mixue,food_drink,WP Kuala Lumpur,3.1462205,101.710419
Mixue,food_drink,WP Kuala Lumpur,3.1451054,101.7114452
Mangala Theebam,shopping,WP Kuala Lumpur,3.1286121,101.683644
7-Eleven,shopping,Klang,3.03427,101.4385462
KK Super Mart,shopping,WP Kuala Lumpur,3.1329784000000003,101.6894206
Eraman Duty Free,shopping,Sepang,2.7479325,101.7131703
Dunkin',food_drink,WP Kuala Lumpur,3.1482329,101.73628069999998
Mixue,food_drink,WP Kuala Lumpur,3.1411211,101.7082399
The Ship,food_drink,WP Kuala Lumpur,3.1463427,101.71056889999998
Air Products,other,WP Kuala Lumpur,3.1125873,101.66806149999998
Starbucks,food_drink,WP Kuala Lumpur,3.1272902999999994,101.6777801
Regus,other,WP Kuala Lumpur,3.1118866,101.6659692
Air Products,other,WP Kuala Lumpur,3.111883699999999,101.66610529999998
Rozel,other,WP Kuala Lumpur,3.1365074,101.6307606
7-Eleven,shopping,WP Kuala Lumpur,3.1131846,101.66667119999998
Maybank,other,WP Kuala Lumpur,3.1539672,101.6944703
7-Eleven,shopping,Klang,3.0044222,101.40178899999998
KK Super Mart,shopping,WP Kuala Lumpur,3.0765158999999995,101.7106104
ZUS Coffee,food_drink,Hulu Langat,3.0331367,101.7644399
99 Speedmart,shopping,Hulu Langat,3.1515211,101.7605816
Surau,community,WP Kuala Lumpur,3.222894,101.6724485
Dhaulagiri Fancy Shop,shopping,WP Kuala Lumpur,3.1474647999999994,101.6961019
Regno DIY,other,WP Kuala Lumpur,3.1088271,101.6702229
KK Super Mart,shopping,WP Kuala Lumpur,3.1467131,101.70958849999998
Cheese Potato,food_drink,WP Kuala Lumpur,3.1460611,101.70988549999998
Onde,food_drink,WP Kuala Lumpur,3.1869875000000003,101.6281414
Café Deli by El Mesón,food_drink,WP Kuala Lumpur,3.1868715999999995,101.6280564
Nando's,food_drink,WP Kuala Lumpur,3.1867268000000006,101.6277127
CIMB Bank,other,WP Kuala Lumpur,3.186626,101.6279688
McDonald's,food_drink,WP Kuala Lumpur,3.1875857,101.6272594
Dragon-i,food_drink,WP Kuala Lumpur,3.1867057,101.6277943
The Coffee Bean & Tea Leaf,food_drink,WP Kuala Lumpur,3.1866077,101.6277948
ParkCity Cleaners,other,WP Kuala Lumpur,3.187133,101.6272197
Baskin-Robbins,other,WP Kuala Lumpur,3.1870272,101.6274869
Shojikiya,shopping,WP Kuala Lumpur,3.1867621999999995,101.6279534
myNEWS.com,shopping,WP Kuala Lumpur,3.1871821,101.6272879
The Barn,food_drink,WP Kuala Lumpur,3.1871315999999994,101.6283221
The Social,food_drink,WP Kuala Lumpur,3.1870451000000006,101.6281826
Dunkin',food_drink,WP Putrajaya,2.9315088000000005,101.6707515
Malik Streams Corporation,shopping,WP Kuala Lumpur,3.1468296,101.6973787
Malik Streams Corporation,shopping,WP Kuala Lumpur,3.1469605,101.6974666
BM & Sons Group,shopping,WP Kuala Lumpur,3.146987,101.6974265
Danaryi,shopping,WP Kuala Lumpur,3.1462712,101.69735749999998
GTC Bridal Gallery,shopping,WP Kuala Lumpur,3.2188905999999995,101.6715578
7-Eleven,shopping,Petaling,3.1132659,101.5912602
myNEWS.com,shopping,WP Kuala Lumpur,3.1596212,101.71766809999998
myNEWS.com,shopping,WP Kuala Lumpur,3.1665828,101.652319
KK Super Mart,shopping,WP Kuala Lumpur,3.1072155999999995,101.7056847
7-Eleven,shopping,WP Kuala Lumpur,3.1071824,101.70582330000002
Starbucks,food_drink,Sepang,2.747351,101.7140269
AIR MATA KUCING,food_drink,WP Kuala Lumpur,3.1444898,101.69781899999998
AIR MATA KUCING,food_drink,WP Kuala Lumpur,3.1444898,101.69781899999998
AIR MATA KUCING,food_drink,WP Kuala Lumpur,3.1444898,101.69781899999998
Opensoft Technologies Sdn Bhd,work,WP Putrajaya,2.9451453,101.7215261
Hari Hari,shopping,WP Kuala Lumpur,3.1446655,101.69770269999998
myNEWS.com,shopping,WP Kuala Lumpur,3.1620066,101.716821
Maybank,other,WP Kuala Lumpur,3.1265347999999995,101.6779629
Hafila Maju,food_drink,WP Kuala Lumpur,3.1625706999999994,101.71197589999998
7-Eleven,shopping,WP Kuala Lumpur,3.2055964,101.7329309
Family Bundle,shopping,WP Kuala Lumpur,3.1438376,101.69778789999998
Floresta Hotel @ Chinatown,entertainment,WP Kuala Lumpur,3.1436150999999994,101.6978776
myNEWS.com,shopping,WP Kuala Lumpur,3.1574944,101.7180925
ZUS Coffee,food_drink,WP Kuala Lumpur,3.1600034,101.71676329999998
One Living,shopping,Hulu Langat,3.1349764,101.7392183
KK Super Mart,shopping,Hulu Langat,3.1355127,101.7416469
Syarikat Sin Hoe Hin,shopping,Hulu Langat,3.0715872,101.7668854
Miss Coco,food_drink,WP Kuala Lumpur,3.1491096999999995,101.7077201
Soon Fatt Roast Duck,food_drink,WP Kuala Lumpur,3.1357875,101.71595069999998
Restoran Sun Gee,food_drink,Hulu Langat,3.1185115000000003,101.76247899999998
ZUS Coffee,food_drink,WP Kuala Lumpur,3.1444905999999992,101.6942212
Cekna Mee Celup,food_drink,WP Kuala Lumpur,3.063572,101.7117506
Oon Sim Guan Furniture Sdn Bhd,other,WP Kuala Lumpur,3.2070699,101.6638532
Mixue,food_drink,WP Kuala Lumpur,3.1279168000000004,101.6787747
Top Idea,other,WP Kuala Lumpur,3.1738500999999992,101.6905469
myNEWS.com,shopping,WP Kuala Lumpur,3.1585928999999995,101.7189918
7-Eleven,shopping,WP Kuala Lumpur,3.156734,101.7095431
Mixue,food_drink,WP Kuala Lumpur,3.0909113999999995,101.74246189999998
Watsons,healthcare,WP Kuala Lumpur,3.090989,101.7424466
Ikhtiar,other,WP Kuala Lumpur,3.1757997,101.6968421
Long Chen Toast House,food_drink,WP Kuala Lumpur,3.0579713,101.7479835
7-Eleven,shopping,WP Kuala Lumpur,3.144913,101.7087227
KK Super Mart,shopping,WP Kuala Lumpur,3.2179081,101.6377487
99 Speedmart,shopping,WP Kuala Lumpur,3.2236818,101.6391267
Subway,food_drink,WP Kuala Lumpur,3.1473319,101.6942791
7-Eleven,shopping,WP Kuala Lumpur,3.1520606999999994,101.7069613
Kelab Lucky,other,WP Kuala Lumpur,3.1640868,101.7164393
Universiti Malaya,education,WP Kuala Lumpur,3.123274271784879,101.65514704432324
Tropicana Golf & Country Resort,residential,Petaling,3.1326221698314463,101.58510122156946
Tropicana Golf & Country Resort,exercise,Petaling,3.132741189577556,101.58544516924654
Kawasan Perindustrian Bukit Angkat,work,Hulu Langat,3.002218504961905,101.76857311687678
Kelab Golf Negara Subang,exercise,Petaling,3.088033200135442,101.59758300675666
Kawasan Perindustrian Pandamaran,work,Klang,2.997166182004073,101.41270735361329
Bandar Bukit Tinggi 2,residential,Klang,2.9967305561207773,101.43637005907895
Taman Mayang,residential,Petaling,3.1135998594128496,101.5966593252982
Taman Megah Emas,residential,Petaling,3.11184297045959,101.5934309292234
Kelab Golf Seri Selangor,exercise,Petaling,3.1465510038277342,101.58789870614224
TTDI Grove,residential,Hulu Langat,2.9971049564529904,101.81221698624977
Taman Megah Mas Apartments,residential,Petaling,3.1098241209089035,101.59406808596836
Kelana Course,exercise,Petaling,3.0908935352434423,101.59392150901688
Pelabuhan Selatan,work,Klang,2.993482465629346,101.39528055932033
Apartmen Saujana,residential,Petaling,3.192029173257176,101.59532355103744
Apartment Idaman,residential,Petaling,3.189977492551281,101.59177523163557
Apartmen Lestari,residential,Petaling,3.1960145839282084,101.59555061120486
Block A,residential,Petaling,3.191882403506409,101.59924775130378
Block B,residential,Petaling,3.192572125218265,101.59892282117868
Stadium Petaling Jaya,exercise,Petaling,3.0986900256504564,101.59376534807146
Apartment Pantai Indah Fasa 1,residential,WP Kuala Lumpur,3.094581083889402,101.66736273060616
C,residential,Petaling,3.106841050005743,101.59373649999984
F,residential,Petaling,3.1076462000050413,101.5937244500004
Wisma AmFirst,work,Petaling,3.097261148995278,101.5934253670611
Kompleks Sukan Kelana Jaya,exercise,Petaling,3.0955284569340886,101.59429047971742
Zenith Corporate Park,work,Petaling,3.1041933452352484,101.5927451423788
Tiara Kelana Condominium,residential,Petaling,3.1010779175691328,101.59290729491424
Kondominium Kelana Puteri,residential,Petaling,3.1072443061650934,101.5944439099071
Masjid Kajang,community,Hulu Langat,2.997489134261726,101.78846076169552
Damansara Legenda,residential,Petaling,3.125446045303651,101.59409151746183
Shell,transport,Petaling,3.12303772865826,101.59360294164571
Terminal Penumpang South Port,other,Klang,2.998300510367886,101.39199424908732
KFC,food_drink,Hulu Langat,2.932610143359809,101.85517684531128
Car Park,transport,Hulu Langat,2.9467601902988467,101.87626851287712
Car Park,transport,Hulu Langat,2.942159923220495,101.87645711693592
Car Park,transport,Hulu Langat,2.942614591248257,101.87669793323622
Car Park,transport,Hulu Langat,2.942050300597467,101.87629891233814
Car Park,transport,Hulu Langat,2.9421102366256817,101.87536634800058
Car Park,transport,Hulu Langat,2.9415973086201226,101.8770495495503
Car Park,transport,Hulu Langat,2.9415616389584525,101.87753026877505
Car Park,transport,Hulu Langat,2.941263588401885,101.87769229768072
Car Park,transport,Hulu Langat,2.9432442556290868,101.87655495414155
Car Park,transport,Hulu Langat,2.9430732373199504,101.8766509032894
Car Park,transport,Hulu Langat,2.942777796631642,101.87683079695944
Car Park,transport,Hulu Langat,2.94352907834045,101.8753937885276
Staff Parking,transport,Hulu Langat,2.943039146856366,101.8772287607858
Bike Parking,transport,Hulu Langat,2.942623236537933,101.87548784587764
Bike Parking,transport,Hulu Langat,2.942868290390056,101.87642458750592
Car Park,transport,Hulu Langat,2.942384982878749,101.87528226699123
Car Park,transport,Hulu Langat,2.9416105479631502,101.87654645980946
Car Park,transport,Hulu Langat,2.941660152020485,101.8770156020828
Car Park,transport,Hulu Langat,2.941712871745556,101.87754598659508
Car Park,transport,Hulu Langat,2.9412398760176792,101.87788272734822
Car Park,transport,Hulu Langat,2.942799410655573,101.8750725805167
Car Park,transport,Hulu Langat,2.945792127406887,101.87311669582697
Car Park,transport,Hulu Langat,2.945846294546479,101.87303287162332
Car Park,transport,Hulu Langat,2.9465584339967643,101.87666097692076
Car Park,transport,Hulu Langat,2.942772075983436,101.87577142145642
Car Park,transport,Hulu Langat,2.94278261449372,101.87614539503916
Car Park,transport,Hulu Langat,2.942862304037124,101.87612832036028
Car Park,transport,Hulu Langat,2.9426998422641955,101.87579173604588
Car Park,transport,Hulu Langat,2.945191712707025,101.87626770095544
Car Park,transport,Hulu Langat,2.9449736499891355,101.876171085583
Car Park,transport,Hulu Langat,2.943532070325708,101.8760121372178
Komples Rawatan & Rawatan Harian (SCACC),healthcare,WP Kuala Lumpur,3.170745105972182,101.69907260477686
Taman Putra Prima,residential,Sepang,2.973004335362293,101.58993518921018
Enterprise Building 3,work,Sepang,2.9241135024255414,101.65884880244452
Taman Muhibbah,residential,Hulu Langat,2.9955730475467446,101.7781198581387
Almaspuri,residential,WP Kuala Lumpur,3.1697162500134537,101.6518438499996
A,residential,WP Kuala Lumpur,3.2229242235315443,101.7283339936284
A,residential,WP Kuala Lumpur,3.221898171057304,101.73111307136904
Universiti Teknologi MARA Kampus Sungai Buloh,education,Gombak,3.2222187179454047,101.59352365678004
Asrama Pelatih Kolej Sains Kesihatan Bersekutu Sungai Buloh,residential,Gombak,3.219054456043508,101.59212060051196
Encorp Strand Mall,shopping,Petaling,3.155651035874385,101.59378097354656
Universiti Putra Malaysia,education,Sepang,2.9907466724276808,101.71942781488424
Sultan Haji Ahmad Shah Mosque,community,Gombak,3.25133180259137,101.73493606814507
Madrasah Attaufiqiah,community,Hulu Langat,2.9975741236645943,101.7874464913718
X2 Residency,residential,Sepang,2.965839922150529,101.59345976265467
Masjid Al-Baraqah,community,Klang,2.998433642327444,101.46405147204862
Plaza Park Avenue,work,Petaling,3.1919364931057057,101.59352413448023
Wisma Maba,work,WP Kuala Lumpur,3.143195849875959,101.70008874489524
Shell,transport,WP Kuala Lumpur,3.1784790750520444,101.70069225396104
Shell,transport,WP Kuala Lumpur,3.092609905242257,101.71084919261234
Petronas,transport,WP Kuala Lumpur,3.0918171730749378,101.71101528593566
Petronas,transport,Hulu Langat,2.9342619836148547,101.7684317982125
Petronas,transport,WP Kuala Lumpur,3.24347415844277,101.663283301382
KG07 Surian,transport,Petaling,3.1496129872316523,101.59371734723254
Pacific Place @ Ara Damansara,residential,Petaling,3.109896535687476,101.58573233345676
SRA Sungai Kantan 2,education,Hulu Langat,2.997784385456479,101.78712720041932
Shell,transport,Petaling,3.102989960692325,101.59669818903176
Lincoln University College,education,Petaling,3.0949910530512343,101.59307670985658
Malaysia Airlines Academy,education,Petaling,3.094260499137506,101.59427263112364
BHPetrol,transport,WP Kuala Lumpur,3.0839288259208604,101.6620126123351
Taman Seri Empangan,exercise,WP Putrajaya,2.8992227526509886,101.67837416772996
Petron Rinching (FI),transport,Hulu Langat,2.9355490906348454,101.85208693490044
Sekolah Kebangsaan Bandar Rinching,education,Hulu Langat,2.92671159185166,101.84874559562596
Petronas,transport,Gombak,3.2350830500007235,101.69154950000036
Depoh MRT Kajang,work,Hulu Langat,2.99912493515051,101.77968448328204
Petronas,transport,Hulu Langat,3.139726676054238,101.75176231125393
The Northshore Gardens,residential,WP Kuala Lumpur,3.1875505131624746,101.62628198057102
TTDI Grove Lake Park,exercise,Hulu Langat,2.997105538739945,101.80897389079846
KA07 Kepong Sentral,transport,Petaling,3.20865348380258,101.62844470941566
Muzium Petaling Jaya,entertainment,Petaling,3.105387323537484,101.6504134005155
Jabatan Alam Sekitar,work,WP Putrajaya,2.914592273544613,101.68578493661744
Jabatan Akauntan Negara,work,WP Putrajaya,2.9298301340917807,101.69020398459584
Jabatan Akauntan Negara,work,WP Putrajaya,2.9293054646195964,101.69013547045184
Sapura Secured Technologies,work,WP Kuala Lumpur,3.189070115054109,101.7348164597476
Pangsapuri Desa Sepakat,residential,Petaling,3.07264656221514,101.6411324614254
Plaza VADS,work,WP Kuala Lumpur,3.1395885006936446,101.63027481494238
KFC,food_drink,WP Kuala Lumpur,3.142164904980428,101.62529085077892
Jade Terrace Bandar Puncak Utama,residential,Hulu Langat,2.996492054587244,101.74825572336748
Petronas,transport,WP Kuala Lumpur,3.0966498430163014,101.73819084346758
Kampung Desa Aman,residential,Gombak,3.2051193782089062,101.59598820678214
Wisma Transit Kuala Lumpur,work,WP Kuala Lumpur,3.1719375315476253,101.72950353988674
Prima Ville,residential,Gombak,3.323727439218465,101.59388268701244
Taman Kanching,residential,Gombak,3.3008603895284567,101.59303090758434
Taman Mawar,residential,Gombak,3.2989484182081563,101.5924482782513
Damansara Damai,residential,Petaling,3.193490630019805,101.59202376272664
Dataran Sunway Kota Damansara,work,Petaling,3.1516830035324013,101.59329887138108
Petron,transport,Hulu Langat,3.0703508546264806,101.78098659785849
Shell,transport,Petaling,3.099760643467271,101.59012379174648
Petronas,transport,Petaling,3.100331922206941,101.59033359969446
Shell,transport,Hulu Langat,2.974929139250079,101.75063452498289
Syarikat Perniagaan Onn Yik,other,WP Kuala Lumpur,3.0878869896054244,101.7019029885626
Aurora Place,shopping,WP Kuala Lumpur,3.053511016239182,101.66946926866169
Tasik Residency,residential,Sepang,2.963936304096164,101.59364390394674
Sri Aman Heights,residential,Gombak,3.212218726178598,101.59527207507122
Ampang Point,shopping,Hulu Langat,3.1584300670524263,101.7509437003294
Shell,transport,Gombak,3.234327650968256,101.72346626132853
Shell,transport,WP Kuala Lumpur,3.2060927340847067,101.68913501921728
Petron,transport,Gombak,3.220571636814085,101.62395761402988
Petronas,transport,Gombak,3.1724407117245828,101.73453230048096
Petronas,transport,Hulu Langat,3.0110599618532987,101.77477579890108
Shell,transport,Petaling,3.1891689500095057,101.6162878500001
Petronas,transport,WP Kuala Lumpur,3.1420704712563943,101.62560217679192
Petron,transport,WP Kuala Lumpur,3.0962793249930725,101.7383395106701
Shell,transport,WP Kuala Lumpur,3.067056050276598,101.6535733782292
IOI Mall Damansara,shopping,Petaling,3.148743039851205,101.59488805484712
Kashkha,shopping,WP Kuala Lumpur,3.14148451745393,101.62756820072448
FamilyMart,shopping,WP Kuala Lumpur,3.141552621974,101.62776226638395
Belian,shopping,Sepang,2.8377018196649244,101.72611255765308
Belian,shopping,Sepang,2.8385832770780643,101.72612762513462
Belian,shopping,Sepang,2.8391855000361983,101.72583505
Belian,shopping,Sepang,2.839377400004385,101.72611275000004
Belian,shopping,Sepang,2.839647546269548,101.72597700803271
Pangsapuri Sinar Salak Perdana,residential,Sepang,2.840777606540972,101.72293435382434
Pangsapuri Sinar Salak Perdana,residential,Sepang,2.8407988884930053,101.72269396001806
Sentosa Heights,residential,Hulu Langat,2.997001267192678,101.79360894399144
Aristo Sports Arena,exercise,Hulu Langat,2.9976079641481874,101.79183517539248
Padang MPKj @ Jalan Timur,exercise,Hulu Langat,2.9973764061278576,101.79112080646212
Taman Saga Emas,residential,Hulu Langat,2.997545514883738,101.79972783256304
Almaspuri,residential,WP Kuala Lumpur,3.169696862026861,101.65210264585758
Belian,shopping,Sepang,2.8387246948440006,101.72598368328968
Geohan,other,WP Kuala Lumpur,3.1419112054108216,101.62945428430872
TS Office System,other,WP Kuala Lumpur,3.141090998156948,101.62973851618884
Kiara View Condominium,residential,WP Kuala Lumpur,3.1511825460600686,101.63151961016
E,residential,WP Kuala Lumpur,3.1873949986046464,101.7308985536416
F,residential,WP Kuala Lumpur,3.1871953396788264,101.73047010711264
F,residential,WP Kuala Lumpur,3.1874380342404955,101.7304853397777
UOB,other,Hulu Langat,3.1565424718098054,101.75067394380233
Sutera Damansara Ria 1 & 2,residential,Petaling,3.1877915052641126,101.5945982592108
Sutera Springs,residential,Petaling,3.186356018372104,101.59386950912844
Zhe Jiang Baijia Auto Air Conditioner Sdn Bhd,work,WP Kuala Lumpur,3.190885310913393,101.67918068379618
Sierra Mas,residential,Gombak,3.2067070346871707,101.59030839443264
Valencia,residential,Gombak,3.213532508158689,101.5875251447093
Casa Tropicana Condominium,residential,Petaling,3.137226234844339,101.5940783547456
Tropicana Grande,residential,Petaling,3.132389181049733,101.59371725596944
Petronas,transport,Hulu Langat,2.9576163558764383,101.77908514959742
Sekolah Kebangsaan Seksyen 11 Kota Damansara,education,Petaling,3.160178167835531,101.59356047182597
Laman Bayu,residential,Petaling,3.1611747404595385,101.59338471830812
The Strand,work,Petaling,3.155032790461649,101.59352919473928
D'Villa Botany,residential,Petaling,3.1627381023855,101.59260941065584
A,residential,Gombak,3.2483835714854297,101.52146806191344
Shell,transport,Klang,3.004270113854731,101.40246363860996
P,residential,Hulu Langat,3.0541772666578693,101.7675025947924
Taman Perindustrian Kidamai,work,Hulu Langat,2.9976892385868505,101.76336779102942
Damai Hillpark,residential,Hulu Langat,3.053635115166536,101.73920751501336
Kementerian Pendidikan Malaysia,work,WP Putrajaya,2.942204920860513,101.70893431710628
Terminal IKS Pantai Dalam,work,WP Kuala Lumpur,3.0883853820319094,101.66834553136782
Apartment Taman Topaz Car Park,transport,Sepang,2.8587982971039936,101.64075445535886
Apartment Taman Topaz Car Park,transport,Sepang,2.8592230460225143,101.64059431078049
Apartment Taman Topaz Car Park,transport,Sepang,2.85833093772904,101.64049735167144
Apartment Taman Topaz Car Park,transport,Sepang,2.858785607282765,101.64127451609536
Apartment Taman Topaz Car Park,transport,Sepang,2.858274337729034,101.64040715167144
Presint 8 Skateboard Park,exercise,WP Putrajaya,2.939306320247815,101.68289043425776
Sentul Ulu,residential,WP Kuala Lumpur,3.199198640790266,101.68899762374268
Dedap 6,residential,Petaling,3.157279780124764,101.59384672562508
Dedap 5,residential,Petaling,3.157966281308096,101.59380694085267
Rawang Industrial Estate,work,Gombak,3.3133407194634734,101.59080722294004
Amsteel Mills,work,Klang,3.0697535889355945,101.45697103071493
Amsteel Mills,work,Klang,3.0711427127949915,101.45733536699085
Sentul Ulu,residential,WP Kuala Lumpur,3.1998661615222783,101.68851711959216
Sentul Ulu,residential,WP Kuala Lumpur,3.201040159831241,101.6885182864732
Petronas,transport,Sepang,2.981705739591494,101.74120560292752
Desa Kudalari,residential,WP Kuala Lumpur,3.1569833049369422,101.71940992637391
Public,transport,Petaling,3.0869587099932763,101.59320104393896
Pangsapuri Karisma,residential,Hulu Langat,2.9026658787473307,101.84808877577028
Pangsapuri Harmoni,residential,Hulu Langat,2.902111585328556,101.84646625778714
Taman Jelok Impian,residential,Hulu Langat,2.996647998429207,101.8188253640204
Sekolah Rendah Agama Taman Kem,education,Klang,2.998095610616153,101.40148577834304
Surau Al Akidah,community,Petaling,3.1047235455437545,101.59370997256968
Tower 1,work,WP Kuala Lumpur,3.111527100006787,101.6670824
Hostel Parking,transport,Sepang,2.9254991500023606,101.64545450000006
Petronas,transport,Gombak,3.2695410420585387,101.50922184707268
Southern Steel Mesh Sdn Bhd,work,Klang,3.0831246650027047,101.4032281982975
Bandar Botanic East,residential,Klang,2.9935920143039247,101.45416966893066
Penaga Mas,residential,Sepang,2.974238907114626,101.5788228395829
PPR Wangsa Sari,residential,WP Kuala Lumpur,3.200711785079002,101.72705064958474
Akasia Condominium,residential,WP Kuala Lumpur,3.050949991966089,101.66155001347452
Wisma Indira,shopping,WP Kuala Lumpur,3.174026580779736,101.69275366608092
Wisma Indira,shopping,WP Kuala Lumpur,3.173984859385337,101.69271740207012
Zone A,transport,Sepang,2.970776373619367,101.73857988004956
Fakulti Pergigian,education,WP Kuala Lumpur,3.111261476499328,101.65310123518046
Surau Al-Faqeh @ D'cerrum,community,Hulu Langat,2.9215769187505183,101.8484659107498
Gelanggang Tenis,exercise,WP Kuala Lumpur,3.1166235500058828,101.65678984999994
Pelangi Damansara,residential,Petaling,3.1544147764998134,101.60260375891538
Visitor parking,transport,WP Kuala Lumpur,3.08283973249318,101.68642578053758
Starbucks,food_drink,Gombak,3.2412764331017208,101.71684557512368
1 Powerhouse Building,transport,Petaling,3.145400468878331,101.61877418783368
Third Avenue Cyberjaya,residential,Sepang,2.9286477986477224,101.65412007629205
Kenaria Food Court,food_drink,Hulu Langat,2.991234450582396,101.7676452651834
Aetas Damansara,residential,Petaling,3.130870395535021,101.59413319202828
A,residential,WP Kuala Lumpur,3.099463141722832,101.71051068420472
A,residential,WP Kuala Lumpur,3.100242637031334,101.70946605721542
Asta Enterprise Park,work,Hulu Langat,2.998446657810833,101.76581252980924
UniKL Business School Keramat,education,WP Kuala Lumpur,3.1670297952107624,101.72054342188748
Country Heights,residential,Hulu Langat,2.9900449094820933,101.74713812720871
Glorious Nursery,shopping,Petaling,3.0738474174507147,101.59843214795758
Shell,transport,WP Kuala Lumpur,3.073331862341115,101.71052749242882
Taman Perindustrian Balakong Jaya,work,Hulu Langat,3.00178157194559,101.74304990693848
Taman Puncak Utama,residential,Hulu Langat,2.996207265312962,101.74493129037349
Bus Parking,transport,Hulu Langat,2.998038713853268,101.77092996495784
Tower 2,residential,Petaling,3.0974129102723937,101.59346475204646
Morac Go Kart Track 1 Utama,exercise,Petaling,3.1521542089748005,101.61292029309882
A,residential,WP Kuala Lumpur,3.1028966917433327,101.75128826849728
15,residential,WP Kuala Lumpur,3.1823656000266376,101.74335839999924
17,residential,WP Kuala Lumpur,3.182882821934287,101.74343960423975
Airport Luggage Trolleys,transport,Sepang,2.755265453132225,101.7094884528067
Airport Luggage Trolleys,transport,Sepang,2.7558238772195165,101.71031684047452
Petron,transport,WP Kuala Lumpur,3.07523334515129,101.70338761554244
Suria Jelatek Residence,residential,WP Kuala Lumpur,3.163346664692648,101.73558454407365
Masjid Ar-Raudhah,community,Sepang,2.6723483683667,101.66713541646924
A,residential,Hulu Langat,2.9938576669897365,101.7703669634394
Encorp Strand Residences,residential,Petaling,3.1558713322876044,101.59368593539084
Desiran Bayu,residential,Sepang,2.961253528760762,101.5912509492434
A,residential,Hulu Langat,2.99361322602186,101.77069720087124
Potager reserved parking,transport,WP Kuala Lumpur,3.1936215214665027,101.67457275058044
Grove 1 @ TTDI Grove Square,shopping,Hulu Langat,2.996823402724645,101.81286812932704
Taman Selamat,residential,Hulu Langat,2.997873067866188,101.7853469092116
Surau At-Taqwa,community,WP Kuala Lumpur,3.0652154980164408,101.738196717935
SK Jalan Semenyih 1 & 2 (Integ),education,Hulu Langat,2.992992241194874,101.79494347941592
SJK (T) Kajang,education,Hulu Langat,2.994109113222863,101.79517297635086
Lot 9679,work,Gombak,3.2028421000910825,101.59786785002215
Perumahan PDRM,residential,Gombak,3.175601189031509,101.7382726384152
G,residential,Hulu Langat,3.135553600014485,101.74868840000607
Institut Latihan Majlis Kebajikan Dan Pembangunan Masyarakat Kebangsaan Malaysia,work,WP Kuala Lumpur,3.1784090179211084,101.69826599580392
Parking Lot Tugu Negara,transport,WP Kuala Lumpur,3.150617363810992,101.68386374344271
Block A,residential,WP Kuala Lumpur,3.2168277941242254,101.66921836252216
Block B,residential,WP Kuala Lumpur,3.215987362045748,101.66905680784008
Block C,residential,WP Kuala Lumpur,3.2163706787686785,101.66946074426548
C,residential,WP Kuala Lumpur,3.182666920340524,101.75168562413866
D,residential,WP Kuala Lumpur,3.1829455388523504,101.75129709834256
The Place,shopping,Petaling,3.165488438571117,101.60647395168618
Jade Hills,residential,Hulu Langat,2.99698411514366,101.75478534336632
Setia Impian,residential,Hulu Langat,2.9956722526611856,101.76104392256435
C,residential,Petaling,3.0784916254880503,101.60966169263328
A,residential,Petaling,3.0801374789219453,101.60939734917476
B,residential,Petaling,3.08013651441633,101.60870792185676
Pintasan Saloma,entertainment,WP Kuala Lumpur,3.1613928493470347,101.70789765704951
Pusat Komersial Parklane,work,Petaling,3.1087041397875814,101.5938792815152
Kelana Indah,residential,Petaling,3.105680220605977,101.59408392022723
Pangsapuri Desa Sepakat,residential,Petaling,3.073280076813491,101.64114494896218
A,residential,Petaling,3.081062133825279,101.64740967532197
B,residential,Petaling,3.0807179000022487,101.6477388999998
C,residential,Petaling,3.0809172870913537,101.64807862532638
Fraser Towers,residential,Petaling,3.0893747681904578,101.6596916741976
Vision Residence,residential,Sepang,2.960915103093374,101.65740863927267
Desa Budiman,residential,Hulu Langat,3.058605726166976,101.81155829773728
KK Super Mart,shopping,WP Kuala Lumpur,3.1445389375545583,101.6958965330539
Petronas,transport,Hulu Langat,3.006084111597206,101.7251348355343
Residensi WangsaMas,residential,WP Kuala Lumpur,3.19760523206751,101.73848132907833
Block C,residential,Petaling,3.1326303629492123,101.59374479955208
A,residential,Hulu Langat,3.056780164559495,101.76839957767228
Tower A,residential,Hulu Langat,3.073144836447927,101.7625236874292
Tower B,residential,Hulu Langat,3.074764369645929,101.76320744613128
Tower A,residential,Hulu Langat,3.075124749423885,101.76333266694544
Universiti Malaya Kampus Cyberjaya,education,Sepang,2.9297529770598825,101.6542883649404
Vista Shop,shopping,Petaling,3.197709671595384,101.59387951506176
Wisma Ekovest,work,WP Kuala Lumpur,3.193773821916871,101.70512446836192
A,residential,Gombak,3.2112497500928336,101.7816047999996
D,residential,Gombak,3.210860750066601,101.78084815001452
Yolo Signature Suites,residential,Petaling,3.080649648286766,101.61259453699488
Petronas,transport,WP Kuala Lumpur,3.090708927496165,101.70011117181812
Balai JPKK Kampung Melayu Batu 16 Rawang,community,Gombak,3.3058724414094987,101.59546158191452
Tabika Kemas Kampung Melayu Batu 16 Rawang,education,Gombak,3.305522364872178,101.59535118046342
Masjid Kampung Melayu Batu 16 Rawang,community,Gombak,3.306431081451674,101.59477058339924
Dewan Serbaguna Kampung Melayu Batu 16 Rawang,community,Gombak,3.305898331862427,101.5947926686326
Kid's Court HOP Club,exercise,Gombak,3.16334961415591,101.7570594669906
Residensi V,residential,WP Kuala Lumpur,3.0860764940337013,101.67464844394682
Sri Bayu Apartment,residential,Hulu Langat,3.0781012756833857,101.77883404724648
Security booth,other,Hulu Langat,3.077760390597377,101.77904337468676
Taman Sungai Pinang,residential,Klang,2.9440429206942684,101.32929766936634
Caltex,transport,Klang,2.9981773427202363,101.42061820567966
Olympic Council of Malaysia Headquaters,work,WP Kuala Lumpur,3.1429767636802994,101.70252079294688
Plaza Park Avenue,work,Petaling,3.191928024368586,101.5935265687474
Plaza Park Avenue,work,Petaling,3.191928024368586,101.5935265687474
Oasis 4,shopping,Petaling,3.15063660740978,101.6102869429554
Goodview Heights 2,residential,Hulu Langat,2.996972224234768,101.82601224299236
Emerald Avenue,work,Gombak,3.243512587124388,101.65138533152216
Flat Taman Mulia,residential,WP Kuala Lumpur,3.0934886697145094,101.715988237036
Wangsa 9 Residency,residential,WP Kuala Lumpur,3.1992985411725625,101.7400167517654
Plaza Citra Kajang,shopping,Hulu Langat,2.9964784812428618,101.7872092491651
Masjid Madrasah Raudhatul Muttaqin,community,WP Kuala Lumpur,3.1923322000018657,101.69608034999963
