ds,policy_cap,policy_lo,policy_hi,accel_cap,actual
2020-01-01,0.0,0.0,397.91425294704044,0.0,3.1427836320989644
2020-02-01,0.0,0.0,177.27910213690754,0.0,3.1427836320989644
2020-03-01,158.6661608038987,0.0,550.5081257342061,175.61098614173073,1.8856701792593784
2020-05-01,186.64201425078596,0.0,609.853960385973,195.55442684108806,0.6285567264197929
2020-06-01,0.0,0.0,371.74824029643906,0.0,1.8856701792593784
2020-07-01,0.0,0.0,313.124684523612,0.0,2.5142269056791715
2020-08-01,0.0,0.0,320.06386368006827,0.0,0.6285567264197929
2020-09-01,0.0,0.0,297.9576247431548,0.0,5.028453811358343
2020-10-01,0.0,0.0,396.7750574063954,2.5610060346985932,10.68546434913648
2020-11-01,127.9731329341142,0.0,540.732387445953,130.12073617601723,10.056907622716686
2020-12-01,447.2557725813754,36.985856215538746,869.2543452273985,459.66292391555305,5.028453811358343
2021-01-01,49.28685069519447,0.0,435.6994901582143,35.301138920028755,3.771340358518757
2021-02-01,0.0,0.0,157.37131477147864,0.0,8.7997941698771
2021-03-01,93.60679133322213,0.0,531.7112609869849,92.52419676190516,15.085361434075027
2021-04-01,0.0,0.0,411.8051668672116,3.374371273036715,15.085361434075027
2021-05-01,230.14015100870876,0.0,664.5773340372019,250.05135778141778,20.11381524543337
2021-06-01,20.57248898172233,0.0,455.13260624019506,39.129292755852305,0.6285567264197929
2021-07-01,0.0,0.0,393.35411706718844,0.0,7.542680717037514
2021-08-01,0.0,0.0,403.68943140123207,15.281550849859016,36.45629013234799
2021-09-01,0.0,0.0,352.9451234782113,0.0,25.770825783211507
2021-10-01,27.809627885130027,0.0,426.0541080197953,48.54143758109767,14.456804707655236
2021-11-01,153.95421698833945,0.0,586.9167822550053,171.18648421340578,8.171237443457308
2021-12-01,643.3631087860205,234.59117409870757,1048.1187055094815,660.0507428617991,5.657010537778136
2022-01-01,121.64989155308533,0.0,548.0364261400263,130.94131351555995,7.542680717037514
2022-02-01,0.0,0.0,256.98725222815824,0.0,23.256598877532337
2022-03-01,87.9303918201688,0.0,514.1820354061765,70.61279945935792,74.79825044395535
2022-04-01,140.1101253759717,0.0,564.2426700405041,176.7185250019332,156.51062487852843
2022-05-01,342.12316482624453,0.0,741.5910980354554,374.05002412271074,84.22660134025224
2022-06-01,170.222572518991,0.0,606.4587740420587,213.0014344229218,96.7977358686481
2022-07-01,88.22088002567082,0.0,502.653964920914,118.75478356749619,98.0548493214877
2022-08-01,145.17312542567112,0.0,574.885132181436,179.88943017941688,125.08278855753878
2022-09-01,60.4568080967816,0.0,464.52173226538076,99.04715451900597,297.93588832298184
2022-10-01,167.3899133693851,0.0,574.1234413253742,189.73449358606743,205.5380495392723
2022-11-01,288.4041199437191,0.0,711.8199140925487,315.5607046335987,265.2509385491526
2022-12-01,953.643126755321,534.5292952278206,1350.502682991281,968.3276200829087,531.7589905511447
2023-01-01,314.83536778666,0.0,759.0954352020096,339.7653117120134,229.4232051432244
2023-02-01,101.35679866818322,0.0,514.270720649064,131.562583078861,302.33578540792035
2023-03-01,223.1140484910882,0.0,667.7712195499928,177.9507323412194,582.0435286647282
2023-04-01,446.1232712459247,22.529672062217863,851.3144586122324,489.0914926519546,428.047130691879
2023-05-01,614.9737556882391,177.72929808889677,1038.0696774594605,643.8347487934113,675.0699241748575
2023-06-01,492.02548839425214,77.06300225268083,928.6998236445015,541.6245701742748,554.3870327022573
2023-07-01,417.41106268679954,29.16828516584758,851.9417699405167,437.2969927640378,588.9576526553459
2023-08-01,490.4888617200465,63.75279892183516,913.7503642796331,517.5474179370422,719.068895024243
2023-09-01,384.0218865213634,0.0,794.6607030307588,417.6865103423836,564.443940324974
2023-10-01,530.1593105892316,93.76555602664715,930.5023045434143,527.2253248848624,862.3798286479558
2023-11-01,662.1022187473224,254.50936547082756,1100.383010640988,669.9642008457765,979.2913797620372
2023-12-01,1515.4213544580452,1105.1424700939158,1945.76678811603,1496.7564180300574,1874.9847149102425
2024-01-01,773.2112126986459,350.08445611107675,1191.6289210435518,780.2110959970425,881.8650871669694
2024-02-01,625.1730524809218,193.4739435373246,1056.0258764362316,651.4328341755221,644.8992013067075
2024-03-01,1069.546764333039,617.5248527006077,1487.686960756977,1083.5333498330494,1420.538201708732
2024-04-01,871.9094732754215,420.64956955885293,1281.8014142886836,862.7692891443102,1011.3477728094468
2024-05-01,1226.4231423884771,818.759676739748,1646.3714887768099,1220.479364031447,1541.849649907752
2024-06-01,1055.3358873937766,653.7203984905001,1481.1840504678767,1028.6372961978461,1201.800460914644
2024-07-01,1056.8965833136003,662.367356681561,1497.70699636625,1041.25235167795,1184.2008725748897
2024-08-01,1189.2038069956839,786.3977322275119,1611.549944897886,1160.3235887229057,1115.0596326687123
2024-09-01,1264.1861882286726,845.1203603865489,1686.1864734182275,1221.076991473805,951.0063270731466
2024-10-01,1412.3141890448433,984.4714990684816,1850.9269707156516,1382.3892798885329,986.205503752655
2024-11-01,1641.6516196521095,1208.7589405601152,2061.976989346053,1593.6617109387437,1134.544891187726
2024-12-01,2050.2571873973466,1633.5954502454688,2479.668705398172,2008.29515275373,1622.3049108894854
2025-01-01,1747.9485390426692,1329.9760647799333,2184.2293436119057,1676.1937292511502,1062.8894243758698
2025-02-01,1543.8902808211942,1119.757738779246,1971.3336483884132,1438.5471334337244,1357.6825290667523
2025-03-01,1983.2206912601805,1574.9318409467198,2427.28956202496,1921.566402637606,1870.584817825304
2025-04-01,1980.3346646201926,1541.3780679835422,2415.9798650640605,1938.0533063110086,1817.786052806041
2025-05-01,2328.168555228958,1877.5643608726061,2769.902425487092,2291.5022251810005,2609.76752809498
2025-06-01,2228.1800112677256,1831.1666294024692,2611.5635010518854,2195.6628103369953,2056.637608845562
2025-07-01,2257.583921324725,1834.6694816335787,2670.4648562924267,2235.9941447599203,1754.9303801640615
2025-08-01,2423.7246899813035,2011.3396003450343,2876.893832342733,2412.50484621551,2175.434830138903
2025-09-01,2489.134019388295,2068.6096990872466,2884.544825650155,2491.3104993043853,2220.0623577147085
2025-10-01,2683.258922679162,2268.3306220234763,3085.4401573848363,2705.349778759599,2731.078976294
2025-11-01,2925.5210687321623,2519.653970249592,3350.8209102119695,2967.0712636023172,3404.891787016018
2025-12-01,3527.394821473518,3141.336913400033,3914.881096844585,3595.022228908676,5105.766288707978
2026-01-01,3121.5462538377997,2688.5805871586163,3535.0947149711774,3214.1712418052803,3921.565416133088
2026-02-01,2973.763322151341,2559.462471681896,3416.4755036816755,3092.243151999048,2284.803700535947
2026-03-01,3305.6964492460834,2929.6304423155607,3754.323355559875,3448.1987242309383,2964.902078522163
2026-04-01,3470.0707070046224,3059.4891347566627,3910.3999465373345,3714.999193272438,
2026-05-01,3778.5910638232444,3367.3382984947625,4185.045722237019,4071.5051165982054,
2026-06-01,3714.1678602043303,3283.813284282554,4148.984068248887,4078.446680746255,
2026-07-01,3733.2683268986557,3326.1682843794597,4172.821024825247,4149.870866476108,
2026-08-01,3891.2752092180563,3480.0887559938287,4326.264785807401,4385.057250182379,
2026-09-01,3903.741582473674,3467.603982654134,4301.7552932004555,4480.787708477423,
2026-10-01,4100.678799872129,3682.2284776035226,4539.988108450826,4744.355096678659,
2026-11-01,4310.1750215677475,3884.5743987812875,4711.639496703476,5050.452978978888,
2026-12-01,5056.361562911377,4629.953906702062,5458.779165937734,5878.803526944812,
2027-01-01,4496.073079905972,4090.628806996256,4873.038184600276,5432.347370338661,
2027-02-01,4355.636319694527,3907.065823699032,4784.502345836444,5406.405042713419,
2027-03-01,4538.457289609058,4121.558924476732,4974.508340754445,5617.088985381678,
2027-04-01,4823.439115485149,4380.486070531639,5198.481005298741,6109.243873769172,
2027-05-01,5046.454017136742,4660.522370761699,5479.489236789993,6437.747753710901,
2027-06-01,4973.313011572995,4557.616334668533,5362.809881802877,6513.055367557295,
2027-07-01,4940.8044637106905,4506.301410220413,5368.905882292502,6577.996930316429,
2027-08-01,5050.978909128771,4625.7966346309695,5485.905961672078,6829.974339437633,
2027-09-01,4974.994779065343,4564.617047741162,5404.634279371771,6898.019937509842,
2027-10-01,5144.261599654812,4749.411915047396,5556.338709176353,7165.862799162712,
2027-11-01,5293.465041366359,4881.419610347342,5694.9055320718635,7467.301493151887,
2027-12-01,6157.023444499044,5725.888982555567,6594.132456070925,8442.433188334931,
2028-01-01,5418.689430272935,5014.84381264925,5811.124384823975,7873.233833377486,
2028-02-01,5267.70412082792,4850.909017906469,5678.492772485029,7885.25649595751,
2028-03-01,5703.149588426965,5288.192777452205,6113.7033674159375,8442.713711814762,
2028-04-01,5489.392931971777,5079.595868423934,5912.795261262279,8348.712742731048,
2028-05-01,5821.873760891119,5402.0290417702545,6218.228693279983,8821.572459176112,
2028-06-01,5621.425765402923,5230.623871182097,6036.886391858772,8740.547312251227,
2028-07-01,5588.2610373301495,5188.132316752017,6008.7214553787135,8852.14714697524,
2028-08-01,5678.2539821424825,5257.683838201156,6087.321382392931,9064.635664033438,
2028-09-01,5704.498282091022,5246.936058291853,6134.6420850078175,9209.486830309006,
2028-10-01,5799.472493345952,5396.605107012671,6235.163403526703,9443.049401518878,
2028-11-01,5967.852696486472,5573.654752219626,6373.818947021749,9719.304133206499,
2028-12-01,6311.80281600274,5895.522818923991,6714.6930823153025,10187.26359769868,
2029-01-01,5937.035898899534,5521.902687272689,6367.929659048532,9900.214840262552,
2029-02-01,5655.015481849546,5221.123116195212,6027.418439528672,9697.263464886562,
2029-03-01,6019.419321895484,5602.408985163057,6428.577513771304,10202.625788339408,
2029-04-01,5928.857691033787,5510.699100368095,6361.748061619762,10233.819508155564,
2029-05-01,6187.413745551053,5771.069235365095,6629.31045809209,10591.423544864201,
2029-06-01,5990.932642310323,5558.195140302363,6425.629803281335,10489.45143099028,
2029-07-01,5923.203604685086,5499.607933708376,6332.854509251937,10513.775856989645,
2029-08-01,5985.4834655667,5545.035308539119,6392.606143270825,10663.38897685128,
2029-09-01,5943.900178767663,5524.367238689368,6380.612957610321,10704.854434018494,
2029-10-01,6031.915082294673,5608.7365901483245,6428.370235767714,10872.926619370193,
2029-11-01,6162.317012191307,5724.335878656539,6603.555465358147,11077.137227322395,
2029-12-01,6654.229186886881,6230.70866790668,7073.489760992933,11639.916214726074,
2030-01-01,6133.444099082828,5696.524573866673,6558.811269420929,11182.099868493968,
2030-02-01,5869.859512429964,5483.12629037391,6317.349013090434,10973.677063458841,
2030-03-01,6096.842758651377,5662.298352802747,6513.113868384182,11243.554629806435,
2030-04-01,6145.052323727183,5692.354971462848,6541.216744291862,11406.541061425134,
2030-05-01,6341.591447266658,5916.5733184473265,6765.669417809068,11654.382447659389,
2030-06-01,6162.322211151346,5754.9830620013145,6603.851180311402,11540.935677555555,
2030-07-01,6071.500302469446,5637.54827610189,6484.53473904638,11488.398712689592,
2030-08-01,6117.551485521246,5685.478777252483,6532.100493258175,11588.217087174831,
2030-09-01,6020.068346740652,5557.81664528498,6408.664606249536,11541.650500921187,
2030-10-01,6112.815589387553,5677.821991517702,6513.254089902471,11661.381014512224,
2030-11-01,6217.215589603068,5810.204943412063,6636.604538566054,11813.019180349213,
2030-12-01,6864.4162613514245,6458.601246052088,7281.647868792739,12486.756294984634,
